{"default_layout":"pxabnsnfns10111000001","textdirection":"ltr","device":false,"fontscale":100,"kbshortcuts":false,"skip_nav_enabled":true,"outputtype":"undefined","layouts":[{"__type":"layout","name":"npnxnanbsnfns10111000001","font":"Museo Slab 700 FS","controllayout":"npnxnanbsnfns10111000001","colorscheme":"pxabnsnfns10111000001","string_table":"pxabnsnfns10111000001"},{"__type":"layout","name":"pxabnsnfns10111000001","font":"Museo Slab 700 FS","controllayout":"pxabnsnfns10111000001","colorscheme":"pxabnsnfns10111000001","string_table":"pxabnsnfns10111000001"},{"__type":"layout","name":"npxnabnsnfns10111000001","font":"Museo Slab 700 FS","controllayout":"npxnabnsnfns10111000001","colorscheme":"pxabnsnfns10111000001","string_table":"pxabnsnfns10111000001"},{"__type":"layout","name":"npnxnanbnsnfns10111000001","font":"Museo Slab 700 FS","controllayout":"npnxnanbnsnfns10111000001","colorscheme":"pxabnsnfns10111000001","string_table":"pxabnsnfns10111000001"},{"__type":"layout","name":"pxabnsnfns10111000000","font":"Museo Slab 700 FS","controllayout":"pxabnsnfns10111000000","colorscheme":"pxabnsnfns10111000001","string_table":"pxabnsnfns10111000001"}],"orientations":{"phone":["portrait","landscape"],"tablet":["portrait","landscape"]},"control_options":{"optiongroups":[{"__type":"optiongroup","name":"sidebaroptions","options":[{"__type":"option","value":"false","options":[{"__type":"option","value":"G adventures template","options":null,"properties":null,"name":"title_text"}],"properties":null,"name":"title_enabled"},{"__type":"option","value":"false","options":[],"properties":null,"name":"logo_enabled"},{"__type":"option","value":"false","options":[{"__type":"option","value":"left","options":null,"properties":null,"name":"sidebarpos"}],"properties":null,"name":"sidebar_enabled"},{"__type":"optionlist","listitems":[{"__type":"listitem","name":"resources","value":"false","group":"linkleft","properties":null},{"__type":"listitem","name":"outline","value":"true","group":"linkright","properties":null},{"__type":"listitem","name":"glossary","value":"false","group":"sidebar","properties":null},{"__type":"listitem","name":"transcript","value":"false","group":"sidebar","properties":null}],"name":"tabs"},{"__type":"option","value":"false","options":[{"__type":"option","value":"","options":null,"properties":null,"name":"time_format"}],"properties":null,"name":"time_enabled"},{"__type":"option","value":"false","options":[{"__type":"option","value":"135","options":null,"properties":null,"name":"height"}],"properties":null,"name":"video_enabled"}]},{"__type":"optiongroup","name":"menuoptions","options":[{"__type":"option","value":"free","options":null,"properties":null,"name":"flow"},{"__type":"option","value":"true","options":null,"properties":null,"name":"wraplistitems"},{"__type":"option","value":"true","options":null,"properties":null,"name":"tooltips"},{"__type":"option","value":"true","options":null,"properties":null,"name":"autocollapse"},{"__type":"option","value":"false","options":null,"properties":null,"name":"autonumber"},{"__type":"option","value":"true","options":null,"properties":null,"name":"enableresultsicons"}]},{"__type":"optiongroup","name":"controls","options":[{"__type":"option","value":"false","options":null,"properties":null,"name":"volume"},{"__type":"option","value":"true","options":[{"__type":"option","value":"false","options":null,"properties":null,"name":"readonly"}],"properties":null,"name":"seekbar"},{"__type":"option","value":"true","options":null,"properties":null,"name":"pauseplay"},{"__type":"option","value":"true","options":null,"properties":null,"name":"replay"},{"__type":"option","value":"false","options":null,"properties":null,"name":"search"},{"__type":"option","value":"true","options":null,"properties":null,"name":"closed_captions"}]},{"__type":"optiongroup","name":"bottombaroptions","options":[{"__type":"option","value":"true","options":null,"properties":null,"name":"bottombar_enabled"}]}]},"control_layouts":[{"__type":"control_layout","name":"npnxnanbsnfns10111000001","control":[{"__type":"control","name":"volume","enabled":false},{"__type":"control","name":"seekbar","enabled":true},{"__type":"control","name":"replay","enabled":true},{"__type":"control","name":"pauseplay","enabled":true},{"__type":"control","name":"logo","enabled":false},{"__type":"control","name":"previous","enabled":false},{"__type":"control","name":"next","enabled":false},{"__type":"control","name":"swipeleft","enabled":false},{"__type":"control","name":"swiperight","enabled":false},{"__type":"control","name":"submit","enabled":true},{"__type":"control","name":"finish","enabled":false},{"__type":"control","name":"submitall","enabled":false},{"__type":"control","name":"resources","enabled":false},{"__type":"control","name":"glossary","enabled":false},{"__type":"control","name":"transcript","enabled":false},{"__type":"control","name":"outline","enabled":true,"controls":[{"__type":"control","name":"search","enabled":false}]},{"__type":"control","name":"close_btn","enabled":true}]},{"__type":"control_layout","name":"pxabnsnfns10111000001","control":[{"__type":"control","name":"volume","enabled":false},{"__type":"control","name":"seekbar","enabled":true},{"__type":"control","name":"replay","enabled":true},{"__type":"control","name":"pauseplay","enabled":true},{"__type":"control","name":"logo","enabled":false},{"__type":"control","name":"previous","enabled":true},{"__type":"control","name":"next","enabled":true},{"__type":"control","name":"swipeleft","enabled":true},{"__type":"control","name":"swiperight","enabled":true},{"__type":"control","name":"submit","enabled":false},{"__type":"control","name":"finish","enabled":false},{"__type":"control","name":"submitall","enabled":false},{"__type":"control","name":"resources","enabled":false},{"__type":"control","name":"glossary","enabled":false},{"__type":"control","name":"transcript","enabled":false},{"__type":"control","name":"outline","enabled":true,"controls":[{"__type":"control","name":"search","enabled":false}]},{"__type":"control","name":"close_btn","enabled":true}]},{"__type":"control_layout","name":"npxnabnsnfns10111000001","control":[{"__type":"control","name":"volume","enabled":false},{"__type":"control","name":"seekbar","enabled":true},{"__type":"control","name":"replay","enabled":true},{"__type":"control","name":"pauseplay","enabled":true},{"__type":"control","name":"logo","enabled":false},{"__type":"control","name":"previous","enabled":false},{"__type":"control","name":"next","enabled":true},{"__type":"control","name":"swipeleft","enabled":false},{"__type":"control","name":"swiperight","enabled":true},{"__type":"control","name":"submit","enabled":false},{"__type":"control","name":"finish","enabled":false},{"__type":"control","name":"submitall","enabled":false},{"__type":"control","name":"resources","enabled":false},{"__type":"control","name":"glossary","enabled":false},{"__type":"control","name":"transcript","enabled":false},{"__type":"control","name":"outline","enabled":true,"controls":[{"__type":"control","name":"search","enabled":false}]},{"__type":"control","name":"close_btn","enabled":true}]},{"__type":"control_layout","name":"npnxnanbnsnfns10111000001","control":[{"__type":"control","name":"volume","enabled":false},{"__type":"control","name":"seekbar","enabled":true},{"__type":"control","name":"replay","enabled":true},{"__type":"control","name":"pauseplay","enabled":true},{"__type":"control","name":"logo","enabled":false},{"__type":"control","name":"previous","enabled":false},{"__type":"control","name":"next","enabled":false},{"__type":"control","name":"swipeleft","enabled":false},{"__type":"control","name":"swiperight","enabled":false},{"__type":"control","name":"submit","enabled":false},{"__type":"control","name":"finish","enabled":false},{"__type":"control","name":"submitall","enabled":false},{"__type":"control","name":"resources","enabled":false},{"__type":"control","name":"glossary","enabled":false},{"__type":"control","name":"transcript","enabled":false},{"__type":"control","name":"outline","enabled":true,"controls":[{"__type":"control","name":"search","enabled":false}]},{"__type":"control","name":"close_btn","enabled":true}]},{"__type":"control_layout","name":"pxabnsnfns10111000000","control":[{"__type":"control","name":"volume","enabled":false},{"__type":"control","name":"seekbar","enabled":true},{"__type":"control","name":"replay","enabled":true},{"__type":"control","name":"pauseplay","enabled":true},{"__type":"control","name":"logo","enabled":false},{"__type":"control","name":"previous","enabled":true},{"__type":"control","name":"next","enabled":true},{"__type":"control","name":"swipeleft","enabled":true},{"__type":"control","name":"swiperight","enabled":true},{"__type":"control","name":"submit","enabled":false},{"__type":"control","name":"finish","enabled":false},{"__type":"control","name":"submitall","enabled":false},{"__type":"control","name":"resources","enabled":false},{"__type":"control","name":"glossary","enabled":false},{"__type":"control","name":"transcript","enabled":false},{"__type":"control","name":"outline","enabled":true,"controls":[{"__type":"control","name":"search","enabled":false}]},{"__type":"control","name":"close_btn","enabled":false}]}],"colorschemes":[{"__type":"colorscheme","name":"pxabnsnfns10111000001","color_group":[{"__type":"color_group","name":"infopanel","group_colors":[{"__type":"color","name":"link_text","fill":{"type":"linear","rotation":90,"colors":[{"__type":"color","rgb":"0x7C2280","alpha":100,"stop":0}]}},{"__type":"color","name":"link_hover","fill":{"type":"linear","rotation":90,"colors":[{"__type":"color","rgb":"0x0000EE","alpha":100,"stop":0}]}},{"__type":"color","name":"bg","fill":{"type":"linear","rotation":90,"colors":[{"__type":"color","rgb":"0xFFFFFF","alpha":100,"stop":0}]}},{"__type":"color","name":"shadow","fill":{"type":"linear","rotation":90,"colors":[{"__type":"color","rgb":"0xB8B8B8","alpha":100,"stop":0}]}},{"__type":"color","name":"name_text","fill":{"type":"linear","rotation":90,"colors":[{"__type":"color","rgb":"0x444444","alpha":100,"stop":0}]}},{"__type":"color","name":"title_text","fill":{"type":"linear","rotation":90,"colors":[{"__type":"color","rgb":"0x999999","alpha":100,"stop":0}]}}]},{"__type":"color_group","name":"infopanelpopup","group_colors":[{"__type":"color","name":"link_text","fill":{"type":"linear","rotation":90,"colors":[{"__type":"color","rgb":"0x7C2280","alpha":100,"stop":0}]}},{"__type":"color","name":"link_hover","fill":{"type":"linear","rotation":90,"colors":[{"__type":"color","rgb":"0x0000EE","alpha":100,"stop":0}]}},{"__type":"color","name":"bg","fill":{"type":"linear","rotation":90,"colors":[{"__type":"color","rgb":"0xE9E9E9","alpha":100,"stop":0},{"__type":"color","rgb":"0xCFCFCF","alpha":100,"stop":255}]}},{"__type":"color","name":"shadow","fill":{"type":"linear","rotation":90,"colors":[{"__type":"color","rgb":"0xB8B8B8","alpha":100,"stop":0}]}},{"__type":"color","name":"name_text","fill":{"type":"linear","rotation":90,"colors":[{"__type":"color","rgb":"0x444444","alpha":100,"stop":0}]}},{"__type":"color","name":"bio_text","fill":{"type":"linear","rotation":90,"colors":[{"__type":"color","rgb":"0x999999","alpha":100,"stop":0}]}}]},{"__type":"color_group","name":"timer","group_colors":[{"__type":"color","name":"duration","fill":{"type":"linear","rotation":90,"colors":[{"__type":"color","rgb":"0x00D7FF","alpha":100,"stop":0},{"__type":"color","rgb":"0x00ABFF","alpha":100,"stop":255}]}},{"__type":"color","name":"elapsed","fill":{"type":"linear","rotation":90,"colors":[{"__type":"color","rgb":"0xFEE347","alpha":100,"stop":0},{"__type":"color","rgb":"0xFCCC2A","alpha":100,"stop":255}]}},{"__type":"color","name":"stroke","fill":{"type":"linear","rotation":90,"colors":[{"__type":"color","rgb":"0xC7C7C7","alpha":100,"stop":0}]}},{"__type":"color","name":"inner","fill":{"type":"linear","rotation":90,"colors":[{"__type":"color","rgb":"0xFFFFFF","alpha":100,"stop":0}]}},{"__type":"color","name":"text","fill":{"type":"linear","rotation":90,"colors":[{"__type":"color","rgb":"0x555555","alpha":100,"stop":0}]}}]},{"__type":"color_group","name":"window","group_colors":[{"__type":"color","name":"text","fill":{"type":"linear","rotation":90,"colors":[{"__type":"color","rgb":"0x555555","alpha":100,"stop":0}]}},{"__type":"color","name":"inner","fill":{"type":"linear","rotation":90,"colors":[{"__type":"color","rgb":"0xEAEAEA","alpha":100,"stop":0},{"__type":"color","rgb":"0xCFCFCF","alpha":100,"stop":255}]}},{"__type":"color","name":"bg","fill":{"type":"linear","rotation":90,"colors":[{"__type":"color","rgb":"0xF3F3F3","alpha":100,"stop":0}]}},{"__type":"color","name":"diva","fill":{"type":"linear","rotation":90,"colors":[{"__type":"color","rgb":"0xF7F7F7","alpha":100,"stop":0}]}},{"__type":"color","name":"divb","fill":{"type":"linear","rotation":90,"colors":[{"__type":"color","rgb":"0xD3D3D3","alpha":100,"stop":0}]}},{"__type":"color","name":"shadow","fill":{"type":"linear","rotation":90,"colors":[{"__type":"color","rgb":"0x000000","alpha":20,"stop":0}]}}]},{"__type":"color_group","name":"editor","group_colors":[{"__type":"color","name":"slide_text","fill":{"type":"linear","rotation":90,"colors":[{"__type":"color","rgb":"0x555555","alpha":100,"stop":0}]}},{"__type":"color","name":"html_text","fill":{"type":"linear","rotation":90,"colors":[{"__type":"color","rgb":"0x444444","alpha":100,"stop":0}]}},{"__type":"color","name":"btn_bg","fill":{"type":"linear","rotation":90,"colors":[{"__type":"color","rgb":"0xF5F5F5","alpha":100,"stop":0},{"__type":"color","rgb":"0xC7C7C7","alpha":100,"stop":255}]}},{"__type":"color","name":"btn_hover","fill":{"type":"linear","rotation":90,"colors":[{"__type":"color","rgb":"0xF2F2F2","alpha":100,"stop":0},{"__type":"color","rgb":"0xAFAFAF","alpha":100,"stop":255}]}},{"__type":"color","name":"btn_down","fill":{"type":"linear","rotation":90,"colors":[{"__type":"color","rgb":"0xC7C7C7","alpha":100,"stop":0},{"__type":"color","rgb":"0xF4F4F4","alpha":100,"stop":255}]}},{"__type":"color","name":"btn_border","fill":{"type":"linear","rotation":90,"colors":[{"__type":"color","rgb":"0xB1B1B1","alpha":100,"stop":0}]}},{"__type":"color","name":"btn_text","fill":{"type":"linear","rotation":90,"colors":[{"__type":"color","rgb":"0x353535","alpha":100,"stop":0}]}},{"__type":"color","name":"btn_text_shadow","fill":{"type":"linear","rotation":90,"colors":[{"__type":"color","rgb":"0xF0F0F0","alpha":100,"stop":0}]}}]},{"__type":"color_group","name":"listitem","group_colors":[{"__type":"color","name":"selected_text","fill":{"type":"linear","rotation":90,"colors":[{"__type":"color","rgb":"0x353535","alpha":100,"stop":0}]}},{"__type":"color","name":"lines","fill":{"type":"linear","rotation":90,"colors":[{"__type":"color","rgb":"0xDFDFDF","alpha":100,"stop":0}]}},{"__type":"color","name":"hover","fill":{"type":"linear","rotation":90,"colors":[{"__type":"color","rgb":"0xE6E6E6","alpha":100,"stop":0}]}},{"__type":"color","name":"viewed","fill":{"type":"linear","rotation":90,"colors":[{"__type":"color","rgb":"0x909090","alpha":100,"stop":0}]}},{"__type":"color","name":"text","fill":{"type":"linear","rotation":90,"colors":[{"__type":"color","rgb":"0x353535","alpha":100,"stop":0}]}},{"__type":"color","name":"selected","fill":{"type":"linear","rotation":90,"colors":[{"__type":"color","rgb":"0xC0E2F1","alpha":100,"stop":0}]}},{"__type":"color","name":"shadow","fill":{"type":"linear","rotation":90,"colors":[{"__type":"color","rgb":"0xFFFFFF","alpha":100,"stop":0}]}}]},{"__type":"color_group","name":"base","group_colors":[{"__type":"color","name":"text","fill":{"type":"linear","rotation":90,"colors":[{"__type":"color","rgb":"0x555555","alpha":100,"stop":0}]}},{"__type":"color","name":"diva","fill":{"type":"linear","rotation":90,"colors":[{"__type":"color","rgb":"0xD3D3D3","alpha":100,"stop":0}]}},{"__type":"color","name":"divb","fill":{"type":"linear","rotation":90,"colors":[{"__type":"color","rgb":"0xF7F7F7","alpha":100,"stop":0}]}},{"__type":"color","name":"bg","fill":{"type":"linear","rotation":90,"colors":[{"__type":"color","rgb":"0xE9E9E9","alpha":0,"stop":0},{"__type":"color","rgb":"0x000000","alpha":0,"stop":255}]}},{"__type":"color","name":"border","fill":{"type":"linear","rotation":90,"colors":[{"__type":"color","rgb":"0xE9E9E9","alpha":0,"stop":0},{"__type":"color","rgb":"0xF3F3F3","alpha":0,"stop":255}]}},{"__type":"color","name":"menu_shade","fill":{"type":"linear","rotation":90,"colors":[{"__type":"color","rgb":"0xDBDBDB","alpha":100,"stop":0},{"__type":"color","rgb":"0xC3C3C3","alpha":100,"stop":255}]}},{"__type":"color","name":"slide_bg","fill":{"type":"linear","rotation":90,"colors":[{"__type":"color","rgb":"0xE9E9E9","alpha":0,"stop":0},{"__type":"color","rgb":"0xCFCFCF","alpha":0,"stop":255}]}}]},{"__type":"color_group","name":"button","group_colors":[{"__type":"color","name":"btn_bg","fill":{"type":"linear","rotation":90,"colors":[{"__type":"color","rgb":"0xF5F5F5","alpha":100,"stop":0},{"__type":"color","rgb":"0xC7C7C7","alpha":100,"stop":255}]}},{"__type":"color","name":"btn_hover","fill":{"type":"linear","rotation":90,"colors":[{"__type":"color","rgb":"0xF2F2F2","alpha":100,"stop":0},{"__type":"color","rgb":"0xAFAFAF","alpha":100,"stop":255}]}},{"__type":"color","name":"btn_down","fill":{"type":"linear","rotation":90,"colors":[{"__type":"color","rgb":"0xC7C7C7","alpha":100,"stop":0},{"__type":"color","rgb":"0xF4F4F4","alpha":100,"stop":255}]}},{"__type":"color","name":"btn_border","fill":{"type":"linear","rotation":90,"colors":[{"__type":"color","rgb":"0xB1B1B1","alpha":100,"stop":0}]}},{"__type":"color","name":"btn_text","fill":{"type":"linear","rotation":90,"colors":[{"__type":"color","rgb":"0x353535","alpha":100,"stop":0}]}},{"__type":"color","name":"btn_text_shadow","fill":{"type":"linear","rotation":90,"colors":[{"__type":"color","rgb":"0xF0F0F0","alpha":100,"stop":0}]}},{"__type":"color","name":"btn_icon_color","fill":{"type":"linear","rotation":90,"colors":[{"__type":"color","rgb":"0x353535","alpha":100,"stop":0}]}},{"__type":"color","name":"btn_glow","fill":{"type":"linear","rotation":90,"colors":[{"__type":"color","rgb":"0xCFCFCF","alpha":100,"stop":0}]}}]},{"__type":"color_group","name":"checkbox","group_colors":[{"__type":"color","name":"border","fill":{"type":"linear","rotation":90,"colors":[{"__type":"color","rgb":"0xB8B8B8","alpha":100,"stop":0}]}},{"__type":"color","name":"bg","fill":{"type":"linear","rotation":90,"colors":[{"__type":"color","rgb":"0xFFFFFF","alpha":100,"stop":0}]}},{"__type":"color","name":"check","fill":{"type":"linear","rotation":90,"colors":[{"__type":"color","rgb":"0x33CC00","alpha":100,"stop":0}]}},{"__type":"color","name":"text","fill":{"type":"linear","rotation":90,"colors":[{"__type":"color","rgb":"0x444444","alpha":100,"stop":0}]}},{"__type":"color","name":"hover","fill":{"type":"linear","rotation":90,"colors":[{"__type":"color","rgb":"0x6BF8FF","alpha":100,"stop":0}]}}]},{"__type":"color_group","name":"logo","group_colors":[{"__type":"color","name":"bg","fill":{"type":"linear","rotation":90,"colors":[{"__type":"color","rgb":"0xFFFFFF","alpha":100,"stop":0}]}},{"__type":"color","name":"shadow","fill":{"type":"linear","rotation":90,"colors":[{"__type":"color","rgb":"0xB8B8B8","alpha":100,"stop":0}]}}]},{"__type":"color_group","name":"menu","group_colors":[{"__type":"color","name":"bg","fill":{"type":"linear","rotation":90,"colors":[{"__type":"color","rgb":"0xF3F3F3","alpha":100,"stop":0}]}},{"__type":"color","name":"shadow","fill":{"type":"linear","rotation":90,"colors":[{"__type":"color","rgb":"0xB8B8B8","alpha":100,"stop":0}]}}]},{"__type":"color_group","name":"scrollarea","group_colors":[{"__type":"color","name":"bg","fill":{"type":"linear","rotation":0,"colors":[{"__type":"color","rgb":"0xDEDEDE","alpha":100,"stop":0},{"__type":"color","rgb":"0xE8E8E8","alpha":100,"stop":128}]}},{"__type":"color","name":"border","fill":{"type":"linear","rotation":90,"colors":[{"__type":"color","rgb":"0x808080","alpha":100,"stop":0},{"__type":"color","rgb":"0xF2F2F2","alpha":100,"stop":255}]}},{"__type":"color","name":"button_bg","fill":{"type":"linear","rotation":90,"colors":[{"__type":"color","rgb":"0xC4C4C4","alpha":100,"stop":0},{"__type":"color","rgb":"0xB2B2B2","alpha":100,"stop":255}]}},{"__type":"color","name":"button_inner","fill":{"type":"linear","rotation":90,"colors":[{"__type":"color","rgb":"0xCBCBCB","alpha":100,"stop":0},{"__type":"color","rgb":"0xBABABA","alpha":100,"stop":255}]}},{"__type":"color","name":"button_border","fill":{"type":"linear","rotation":90,"colors":[{"__type":"color","rgb":"0xB8B8B8","alpha":100,"stop":0}]}},{"__type":"color","name":"icons","fill":{"type":"linear","rotation":90,"colors":[{"__type":"color","rgb":"0x555555","alpha":100,"stop":0}]}},{"__type":"color","name":"shadow","fill":{"type":"linear","rotation":90,"colors":[{"__type":"color","rgb":"0xD9D9D9","alpha":100,"stop":0}]}},{"__type":"color","name":"detaila","fill":{"type":"linear","rotation":90,"colors":[{"__type":"color","rgb":"0xA7A7A7","alpha":100,"stop":0}]}},{"__type":"color","name":"detailb","fill":{"type":"linear","rotation":90,"colors":[{"__type":"color","rgb":"0xCFCFCF","alpha":100,"stop":0}]}}]},{"__type":"color_group","name":"searchinput","group_colors":[{"__type":"color","name":"bg","fill":{"type":"linear","rotation":90,"colors":[{"__type":"color","rgb":"0xDFDFDF","alpha":100,"stop":0}]}},{"__type":"color","name":"border","fill":{"type":"linear","rotation":90,"colors":[{"__type":"color","rgb":"0xADADAD","alpha":100,"stop":0},{"__type":"color","rgb":"0xFAFAFA","alpha":100,"stop":255}]}},{"__type":"color","name":"icon","fill":{"type":"linear","rotation":90,"colors":[{"__type":"color","rgb":"0x8A8A8A","alpha":100,"stop":0}]}},{"__type":"color","name":"button_hover","fill":{"type":"linear","rotation":90,"colors":[{"__type":"color","rgb":"0xF5F5F5","alpha":100,"stop":0},{"__type":"color","rgb":"0xC7C7C7","alpha":100,"stop":255}]}},{"__type":"color","name":"hover_glow","fill":{"type":"linear","rotation":90,"colors":[{"__type":"color","rgb":"0x6BF8FF","alpha":100,"stop":0}]}},{"__type":"color","name":"search_text","fill":{"type":"linear","rotation":90,"colors":[{"__type":"color","rgb":"0x8A8A8A","alpha":100,"stop":0}]}},{"__type":"color","name":"bg_active","fill":{"type":"linear","rotation":90,"colors":[{"__type":"color","rgb":"0xFAFAFA","alpha":100,"stop":0}]}},{"__type":"color","name":"text_active","fill":{"type":"linear","rotation":90,"colors":[{"__type":"color","rgb":"0x333333","alpha":100,"stop":0}]}}]},{"__type":"color_group","name":"seekcontrol","group_colors":[{"__type":"color","name":"bg","fill":{"type":"linear","rotation":90,"colors":[{"__type":"color","rgb":"0xF5F5F5","alpha":100,"stop":0},{"__type":"color","rgb":"0xC7C7C7","alpha":100,"stop":255}]}},{"__type":"color","name":"border","fill":{"type":"linear","rotation":90,"colors":[{"__type":"color","rgb":"0xB1B1B1","alpha":100,"stop":0}]}},{"__type":"color","name":"seek_border","fill":{"type":"linear","rotation":90,"colors":[{"__type":"color","rgb":"0xB8B8B8","alpha":100,"stop":0},{"__type":"color","rgb":"0xEEEEEE","alpha":100,"stop":255}]}},{"__type":"color","name":"seek_bg","fill":{"type":"linear","rotation":90,"colors":[{"__type":"color","rgb":"0xE7E7E7","alpha":100,"stop":0}]}},{"__type":"color","name":"seek_position","fill":{"type":"linear","rotation":90,"colors":[{"__type":"color","rgb":"0x414141","alpha":100,"stop":0}]}},{"__type":"color","name":"btn_icon_color","fill":{"type":"linear","rotation":90,"colors":[{"__type":"color","rgb":"0x2D2D2D","alpha":100,"stop":0}]}},{"__type":"color","name":"btn_icon_hover","fill":{"type":"linear","rotation":90,"colors":[{"__type":"color","rgb":"0x555555","alpha":100,"stop":0}]}},{"__type":"color","name":"btn_icon_shadow","fill":{"type":"linear","rotation":90,"colors":[{"__type":"color","rgb":"0xF0F0F0","alpha":100,"stop":0}]}}]},{"__type":"color_group","name":"tabs","group_colors":[{"__type":"color","name":"bg","fill":{"type":"linear","rotation":90,"colors":[{"__type":"color","rgb":"0xF3F3F3","alpha":100,"stop":0}]}},{"__type":"color","name":"text","fill":{"type":"linear","rotation":90,"colors":[{"__type":"color","rgb":"0x555555","alpha":100,"stop":0}]}},{"__type":"color","name":"selected","fill":{"type":"linear","rotation":90,"colors":[{"__type":"color","rgb":"0x333333","alpha":100,"stop":0}]}},{"__type":"color","name":"hover","fill":{"type":"linear","rotation":90,"colors":[{"__type":"color","rgb":"0x333333","alpha":100,"stop":0}]}},{"__type":"color","name":"shadow","fill":{"type":"linear","rotation":90,"colors":[{"__type":"color","rgb":"0xF0F0F0","alpha":100,"stop":0}]}}]},{"__type":"color_group","name":"transcript","group_colors":[{"__type":"color","name":"div","fill":{"type":"linear","rotation":90,"colors":[{"__type":"color","rgb":"0xE1E1E1","alpha":100,"stop":0}]}},{"__type":"color","name":"heading_text","fill":{"type":"linear","rotation":90,"colors":[{"__type":"color","rgb":"0x444444","alpha":100,"stop":0}]}}]},{"__type":"color_group","name":"outline","group_colors":[{"__type":"color","name":"diva","fill":{"type":"linear","rotation":90,"colors":[{"__type":"color","rgb":"0xC6C6C6","alpha":100,"stop":0}]}},{"__type":"color","name":"divb","fill":{"type":"linear","rotation":90,"colors":[{"__type":"color","rgb":"0xF9F9F9","alpha":100,"stop":0}]}},{"__type":"color","name":"divc","fill":{"type":"linear","rotation":90,"colors":[{"__type":"color","rgb":"0xE1E1E1","alpha":100,"stop":0}]}},{"__type":"color","name":"search_text","fill":{"type":"linear","rotation":90,"colors":[{"__type":"color","rgb":"0x444444","alpha":100,"stop":0}]}},{"__type":"color","name":"search_hover","fill":{"type":"linear","rotation":90,"colors":[{"__type":"color","rgb":"0x0000EE","alpha":100,"stop":0}]}}]},{"__type":"color_group","name":"resource","group_colors":[{"__type":"color","name":"separator","fill":{"type":"linear","rotation":90,"colors":[{"__type":"color","rgb":"0xE0E0E0","alpha":100,"stop":0}]}}]},{"__type":"color_group","name":"glossary","group_colors":[{"__type":"color","name":"selected_text","fill":{"type":"linear","rotation":90,"colors":[{"__type":"color","rgb":"0x353535","alpha":100,"stop":0}]}},{"__type":"color","name":"selected","fill":{"type":"linear","rotation":90,"colors":[{"__type":"color","rgb":"0xC0E2F1","alpha":100,"stop":0}]}},{"__type":"color","name":"text","fill":{"type":"linear","rotation":90,"colors":[{"__type":"color","rgb":"0x353535","alpha":100,"stop":0}]}},{"__type":"color","name":"hover","fill":{"type":"linear","rotation":90,"colors":[{"__type":"color","rgb":"0xE6E6E6","alpha":100,"stop":0}]}},{"__type":"color","name":"diva","fill":{"type":"linear","rotation":90,"colors":[{"__type":"color","rgb":"0xE2E2E2","alpha":100,"stop":0}]}},{"__type":"color","name":"divb","fill":{"type":"linear","rotation":90,"colors":[{"__type":"color","rgb":"0xE2E2E2","alpha":100,"stop":0}]}},{"__type":"color","name":"divc","fill":{"type":"linear","rotation":90,"colors":[{"__type":"color","rgb":"0xFAFAFA","alpha":100,"stop":0}]}},{"__type":"color","name":"bg","fill":{"type":"linear","rotation":90,"colors":[{"__type":"color","rgb":"0xE7E7E7","alpha":100,"stop":0}]}},{"__type":"color","name":"heading_text","fill":{"type":"linear","rotation":90,"colors":[{"__type":"color","rgb":"0x444444","alpha":100,"stop":0}]}}]},{"__type":"color_group","name":"volume","group_colors":[{"__type":"color","name":"thumb_border","fill":{"type":"linear","rotation":90,"colors":[{"__type":"color","rgb":"0xA5A5A5","alpha":100,"stop":0}]}},{"__type":"color","name":"thumb_inner","fill":{"type":"linear","rotation":90,"colors":[{"__type":"color","rgb":"0xD4D4D4","alpha":100,"stop":0}]}},{"__type":"color","name":"thumb_bg","fill":{"type":"linear","rotation":90,"colors":[{"__type":"color","rgb":"0xC8C8C8","alpha":100,"stop":0}]}},{"__type":"color","name":"slider_border","fill":{"type":"linear","rotation":90,"colors":[{"__type":"color","rgb":"0xF2F2F2","alpha":100,"stop":0}]}},{"__type":"color","name":"slider_bg","fill":{"type":"linear","rotation":90,"colors":[{"__type":"color","rgb":"0xBCBCBC","alpha":100,"stop":0},{"__type":"color","rgb":"0xBCBCBC","alpha":100,"stop":128},{"__type":"color","rgb":"0xC3C3C3","alpha":100,"stop":255}]}}]},{"__type":"color_group","name":"HTML","group_colors":[{"__type":"color","name":"htmlpage_bg_color","fill":{"type":"linear","rotation":90,"colors":[{"__type":"color","rgb":"0xFFFFFF","alpha":100,"stop":0}]}}]}]}],"string_tables":[{"__type":"string_table","name":"pxabnsnfns10111000001","string":[{"__type":"string","id":"check_include","Text":"Check to include"},{"__type":"string","id":"clear","Text":"Clear and return to menu"},{"__type":"string","id":"close","Text":"Close"},{"__type":"string","id":"continue","Text":"Continue"},{"__type":"string","id":"continueresponsive","Text":"Continue"},{"__type":"string","id":"exit","Text":"Exit"},{"__type":"string","id":"filter","Text":"Filter"},{"__type":"string","id":"finish","Text":"FINISH"},{"__type":"string","id":"acc_finish","Text":"finish"},{"__type":"string","id":"definition","Text":"Definition"},{"__type":"string","id":"acc_definition","Text":"definition"},{"__type":"string","id":"glossary","Text":"Glossary"},{"__type":"string","id":"terms","Text":"Terms"},{"__type":"string","id":"outline","Text":"Menu"},{"__type":"string","id":"disabled_orientation","Text":"Please rotate your device"},{"__type":"string","id":"next","Text":"NEXT"},{"__type":"string","id":"acc_next","Text":"next"},{"__type":"string","id":"prev","Text":"PREV"},{"__type":"string","id":"transcript_chk","Text":"Notes"},{"__type":"string","id":"transcript","Text":"Notes"},{"__type":"string","id":"bio","Text":"Bio"},{"__type":"string","id":"more_info","Text":"More info"},{"__type":"string","id":"acc_pause","Text":"pause"},{"__type":"string","id":"acc_play","Text":"play"},{"__type":"string","id":"send_an_email","Text":"Send an email"},{"__type":"string","id":"acc_previous","Text":"previous"},{"__type":"string","id":"question_list","Text":"Question List"},{"__type":"string","id":"acc_replay","Text":"replay"},{"__type":"string","id":"resources","Text":"Useful Links"},{"__type":"string","id":"acc_resources","Text":"resources"},{"__type":"string","id":"restart","Text":"Restart"},{"__type":"string","id":"search","Text":"Search..."},{"__type":"string","id":"acc_search_input","Text":"search"},{"__type":"string","id":"search_in","Text":"Search in:"},{"__type":"string","id":"search_results","Text":"Search Results"},{"__type":"string","id":"acc_skipnavigation","Text":"Skip navigation. Press enter to return to the slide."},{"__type":"string","id":"slide_text_chk","Text":"Slide Text"},{"__type":"string","id":"submitall","Text":"SUBMIT ALL"},{"__type":"string","id":"acc_submitall","Text":"submit all"},{"__type":"string","id":"submit","Text":"SUBMIT"},{"__type":"string","id":"acc_submit","Text":"submit"},{"__type":"string","id":"acc_volume","Text":"volume"}]}],"fonts":[{"name":"Museo Slab 700 FS","files":[{"bold":true,"italic":false,"file":"player-museo-slab-700bcharset0.woff"},{"bold":false,"italic":false,"file":"player-museo-slab-700charset0.woff"}]}],"sounds":{"enabled":true,"sound":[]},"nav_data":{"outline":{"links":[{"__type":"slidelink","slideid":"_player.6OjsOpJTQq2","slidetitle":"","displaytext":"Test","expand":true,"type":"slide","links":[{"__type":"slidelink","slideid":"_player.6OjsOpJTQq2.6Wh9YtyMU0o","slidetitle":"Test Slide","displaytext":"slide 1","expand":false,"type":"slide","links":null}]}]},"search":null},"resource_data":{"description":"","resources":null},"transcript_data":{"slidetranscripts":null},"glossary_data":{"terms":null},"presenters":null}
